1403636861151666432,0.00360,-0.08066,0.23372,-0.02626,0.84110,0.03857,0.53887,
1403636861251666432,0.00752,-0.08502,0.29760,-0.02605,0.82767,0.03909,0.55925,
1403636861351666432,0.01038,-0.08701,0.35596,-0.02740,0.81483,0.03717,0.57785,
1403636861451666688,0.01243,-0.09185,0.39842,-0.02784,0.80540,0.03361,0.59113,
1403636861751666432,0.01489,-0.09485,0.33064,-0.02780,0.81355,0.03284,0.57989,
1403636861851666432,0.01480,-0.09351,0.27340,-0.02855,0.82039,0.03498,0.57002,
1403636861951666688,0.00996,-0.09078,0.21685,-0.03236,0.83056,0.03562,0.55485,
1403636862051666432,0.00607,-0.08627,0.15999,-0.03670,0.84177,0.03388,0.53752,
1403636862151666432,0.00236,-0.08190,0.11296,-0.04058,0.84845,0.03198,0.52675,
1403636862251666432,-0.00037,-0.08070,0.08627,-0.03788,0.85228,0.03657,0.52042,
1403636862451666688,-0.00091,-0.08140,0.12564,-0.03434,0.85687,0.04278,0.51261,
1403636862551666432,0.00299,-0.08309,0.18155,-0.02876,0.85261,0.04175,0.52008,
1403636862651666432,0.00945,-0.08576,0.24706,-0.01697,0.84529,0.03971,0.53255,
1403636862751666432,0.01485,-0.08511,0.31559,-0.01528,0.83825,0.03463,0.54397,
1403636862851666432,0.01811,-0.08476,0.38372,-0.01683,0.83500,0.02661,0.54934,
1403636862951666688,0.01843,-0.08470,0.44160,-0.02109,0.83075,0.01974,0.55589,
1403636863051666432,0.01653,-0.08645,0.46720,-0.02102,0.82440,0.02176,0.56520,
1403636863251666432,0.01752,-0.08537,0.41843,-0.00702,0.81984,0.03152,0.57168,
1403636863351666432,0.01275,-0.08781,0.36044,-0.00129,0.82169,0.03360,0.56894,
1403636863451666688,0.01391,-0.09199,0.29791,0.00347,0.82458,0.03156,0.56486,
1403636863551666432,0.00802,-0.08819,0.22562,-0.00457,0.83138,0.02704,0.55502,
1403636863651666432,0.00138,-0.08787,0.16200,-0.01562,0.84009,0.02441,0.54168,
1403636863751666432,-0.00423,-0.08849,0.11295,-0.02330,0.84808,0.02045,0.52896,
1403636863851666432,-0.00788,-0.08951,0.09074,-0.02456,0.85531,0.02006,0.51714,
1403636864051666432,-0.01080,-0.09087,0.15208,-0.02853,0.85704,0.02589,0.51381,
1403636864151666432,-0.00951,-0.09124,0.22047,-0.02145,0.85267,0.03076,0.52111,
1403636864251666432,-0.00672,-0.09005,0.29400,-0.01538,0.84863,0.03091,0.52786,
1403636864351666432,-0.00399,-0.08654,0.36029,-0.01719,0.84590,0.03034,0.53220,
1403636864451666688,-0.00158,-0.08335,0.41781,-0.01842,0.83918,0.02517,0.54296,
1403636864551666432,0.00082,-0.08003,0.45943,-0.02392,0.82722,0.01701,0.56111,
1403636864651666432,-0.00245,-0.07797,0.47506,-0.02258,0.81795,0.01566,0.57464,
1403636864851666432,0.00162,-0.07830,0.40632,-0.01217,0.82188,0.02473,0.56899,
1403636864951666688,0.00173,-0.07802,0.34717,-0.00839,0.82765,0.02433,0.56066,
1403636865051666432,0.00288,-0.07852,0.28428,-0.00405,0.83450,0.02405,0.55046,
1403636865151666432,0.00348,-0.07863,0.22439,-0.01114,0.84115,0.01839,0.54037,
1403636865251666432,0.00376,-0.07763,0.17418,-0.02827,0.84502,0.01059,0.53389,
1403636865351666432,0.00319,-0.07750,0.13928,-0.03403,0.84599,0.00712,0.53206,
1403636865451666688,0.00371,-0.07720,0.12190,-0.02930,0.84855,0.01128,0.52818,
1403636865651666432,0.00589,-0.07319,0.16575,-0.02397,0.85762,0.02192,0.51326,
1403636865751666432,0.00692,-0.06801,0.22095,-0.02769,0.85354,0.02320,0.51977,
1403636865851666432,0.00996,-0.06414,0.28608,-0.03031,0.84521,0.02124,0.53316,
1403636865951666688,0.01292,-0.06185,0.35454,-0.03395,0.83321,0.01848,0.55161,
1403636866051666432,0.01428,-0.06033,0.42049,-0.03507,0.81771,0.01448,0.57438,
1403636866151666432,0.01312,-0.05997,0.47442,-0.03158,0.80391,0.01353,0.59376,
1403636866251666432,0.00910,-0.05782,0.50210,-0.02724,0.79843,0.01485,0.60129,
1403636866451666688,0.01036,-0.06065,0.46696,-0.01363,0.80906,0.01761,0.58730,
1403636866551666432,0.01214,-0.06247,0.41416,-0.01105,0.81544,0.01936,0.57841,
1403636866651666432,0.01399,-0.06732,0.35747,-0.00690,0.82248,0.01921,0.56843,
1403636866751666432,0.01203,-0.07321,0.31001,-0.00658,0.82927,0.02140,0.55840,
1403636866851666432,0.00691,-0.07689,0.27193,-0.01502,0.83478,0.02502,0.54981,
1403636866951666688,0.00091,-0.07829,0.23975,-0.02752,0.84284,0.02553,0.53685,
1403636867051666432,-0.00476,-0.07929,0.21774,-0.03068,0.85058,0.02417,0.52439,
1403636867151666432,-0.01302,-0.07961,0.20694,-0.03372,0.85511,0.02526,0.51674,
1403636867251666432,-0.01999,-0.07746,0.20208,-0.04344,0.85751,0.03108,0.51169,
1403636867351666432,-0.02750,-0.07693,0.20419,-0.04865,0.86009,0.03505,0.50660,
1403636867551666432,-0.04024,-0.07550,0.21421,-0.03967,0.87510,0.03873,0.48075,
1403636867651666432,-0.04776,-0.07549,0.21244,-0.03671,0.89506,0.04108,0.44253,
1403636867751666432,-0.05604,-0.07587,0.20648,-0.03570,0.92052,0.03978,0.38702,
1403636867851666432,-0.06190,-0.07743,0.20176,-0.03112,0.93961,0.03479,0.33904,
1403636867951666688,-0.06350,-0.07771,0.20281,-0.03002,0.94558,0.02906,0.32271,
1403636868051666432,-0.06034,-0.07485,0.20723,-0.03082,0.94225,0.02669,0.33242,
1403636868151666432,-0.06031,-0.07309,0.21152,-0.03202,0.93694,0.02701,0.34697,
1403636868351666432,-0.07043,-0.06737,0.21307,-0.03683,0.93647,0.02420,0.34798,
1403636868551666432,-0.08465,-0.05429,0.21671,-0.03311,0.93239,0.01787,0.35948,
1403636868851666432,-0.09812,-0.03755,0.22259,-0.02836,0.93491,0.02018,0.35318,
1403636869051666432,-0.10890,-0.03133,0.22737,-0.03170,0.93143,0.02449,0.36172,
1403636869251666432,-0.10851,-0.02543,0.22576,-0.03789,0.93020,0.02872,0.36397,
1403636869651666432,-0.09951,-0.04299,0.22184,-0.03889,0.93075,0.03021,0.36232,
1403636869751666432,-0.09322,-0.06633,0.22109,-0.03658,0.93252,0.02795,0.35817,
1403636869851666432,-0.08365,-0.09863,0.22185,-0.03374,0.93223,0.02266,0.35957,
1403636869951666688,-0.06990,-0.13781,0.22317,-0.03063,0.93000,0.01488,0.36598,
1403636870051666432,-0.05456,-0.18264,0.22337,-0.02748,0.92933,0.00678,0.36817,
1403636870151666432,-0.03838,-0.23171,0.22331,-0.02183,0.93141,-0.00074,0.36331,
1403636870251666432,-0.02166,-0.28229,0.22460,-0.01667,0.93279,-0.00393,0.36001,
1403636870351666432,-0.00502,-0.33212,0.22605,-0.01422,0.93068,-0.00903,0.36544,
1403636870451666688,0.01046,-0.38027,0.22547,-0.00760,0.92840,-0.01200,0.37131,
1403636870551666432,0.02114,-0.41902,0.22130,-0.00918,0.92974,-0.02065,0.36751,
1403636870651666432,0.02879,-0.45257,0.21708,-0.00081,0.93257,-0.02508,0.36013,
1403636870751666432,0.03650,-0.47737,0.21466,0.00275,0.93104,-0.02815,0.36382,
1403636870851666432,0.04200,-0.49231,0.21006,-0.00267,0.92695,-0.03297,0.37371,
1403636870951666688,0.04408,-0.50145,0.20573,-0.00614,0.92354,-0.03340,0.38198,
1403636871151666432,0.04204,-0.50130,0.19703,-0.00621,0.92808,-0.03911,0.37026,
1403636871351666432,0.03646,-0.47723,0.20243,-0.00332,0.92911,-0.04060,0.36756,
1403636871451666688,0.03074,-0.45136,0.20589,-0.00334,0.92889,-0.03543,0.36864,
1403636871551666432,0.02359,-0.41510,0.20841,-0.00588,0.92890,-0.03287,0.36883,
1403636871651666432,0.01407,-0.37030,0.21160,-0.01011,0.92983,-0.03065,0.36658,
1403636871751666432,0.00347,-0.31847,0.21544,-0.01926,0.93040,-0.02701,0.36504,
1403636871851666432,-0.00643,-0.26394,0.21744,-0.02331,0.93055,-0.02032,0.36486,
1403636871951666688,-0.01468,-0.20609,0.21776,-0.02923,0.92912,-0.01441,0.36834,
1403636872051666432,-0.02127,-0.14619,0.21653,-0.03987,0.92628,-0.00883,0.37461,
1403636872151666432,-0.02815,-0.08908,0.21381,-0.04656,0.92449,-0.00180,0.37835,
1403636872251666432,-0.03567,-0.03780,0.20937,-0.05075,0.92549,0.00541,0.37531,
1403636872351666432,-0.04379,0.00669,0.20376,-0.05545,0.92825,0.01362,0.36756,
1403636872451666688,-0.04975,0.03920,0.19962,-0.05884,0.92999,0.01932,0.36233,
1403636872551666432,-0.05263,0.05544,0.19897,-0.06103,0.92963,0.02374,0.36264,
1403636872751666432,-0.05341,0.04915,0.20336,-0.05939,0.92663,0.02893,0.37014,
1403636872851666432,-0.04997,0.02941,0.20424,-0.05600,0.92759,0.02623,0.36845,
1403636872951666688,-0.04237,-0.00421,0.20315,-0.05226,0.92865,0.02074,0.36668,
1403636873051666432,-0.03245,-0.04992,0.20139,-0.04672,0.92895,0.01522,0.36693,
1403636873151666432,-0.02062,-0.10307,0.19984,-0.04315,0.92940,0.00900,0.36643,
1403636873251666432,-0.00760,-0.16158,0.19936,-0.03895,0.93026,0.00097,0.36482,
1403636873351666432,0.00535,-0.22238,0.19910,-0.03448,0.93082,-0.00709,0.36377,
1403636873451666688,0.01639,-0.28218,0.19758,-0.03144,0.93130,-0.01423,0.36263,
1403636873551666432,0.02461,-0.33840,0.19455,-0.02561,0.93265,-0.02032,0.35931,
1403636873651666432,0.03014,-0.38774,0.18984,-0.01804,0.93413,-0.02653,0.35549,
1403636873751666432,0.03337,-0.42623,0.18402,-0.01610,0.93534,-0.03139,0.35200,
1403636873851666432,0.03410,-0.45102,0.17978,-0.01612,0.93590,-0.03241,0.35041,
1403636873951666688,0.03429,-0.46294,0.17643,-0.01504,0.93536,-0.03487,0.35164,
1403636874251666432,0.03280,-0.44471,0.17572,-0.01443,0.93617,-0.03553,0.34946,
1403636874351666432,0.02994,-0.41729,0.17738,-0.01787,0.93711,-0.02965,0.34732,
1403636874451666688,0.02649,-0.37632,0.17880,-0.02448,0.93734,-0.02386,0.34673,
1403636874551666432,0.02170,-0.32702,0.18117,-0.02743,0.93590,-0.01843,0.35072,
1403636874651666432,0.01447,-0.26958,0.18243,-0.03241,0.93459,-0.01187,0.35404,
1403636874751666432,0.00674,-0.20890,0.18140,-0.03839,0.93383,-0.00479,0.35561,
1403636874851666432,-0.00019,-0.14972,0.17747,-0.04580,0.93382,-0.00005,0.35479,
1403636874951666688,-0.00627,-0.09772,0.17326,-0.05361,0.93424,0.00392,0.35258,
1403636875051666432,-0.00877,-0.05753,0.17048,-0.05582,0.93168,0.00461,0.35894,
1403636875151666432,-0.00793,-0.02739,0.16825,-0.04962,0.92534,-0.00677,0.37581,
1403636875251666432,-0.00982,-0.00309,0.16496,-0.04141,0.91903,-0.02687,0.39108,
1403636875351666432,-0.01896,0.01618,0.16143,-0.03724,0.91581,-0.05348,0.39628,
1403636875451666688,-0.03612,0.03060,0.15837,-0.03905,0.91545,-0.07745,0.39297,
1403636875651666432,-0.10003,0.02836,0.15610,-0.04368,0.91699,-0.10732,0.38172,
1403636875751666432,-0.13802,0.00907,0.15621,-0.03523,0.91527,-0.12108,0.38260,
1403636875851666432,-0.17694,-0.01804,0.15552,-0.02354,0.91390,-0.13693,0.38142,
1403636875951666688,-0.21356,-0.05168,0.15643,-0.00990,0.91267,-0.15709,0.37717,
1403636876051666432,-0.24337,-0.09342,0.16042,0.00830,0.90820,-0.17957,0.37796,
1403636876151666432,-0.26208,-0.14132,0.16613,0.02836,0.90105,-0.20136,0.38308,
1403636876251666432,-0.26672,-0.19143,0.16969,0.04267,0.89538,-0.22017,0.38470,
1403636876351666432,-0.25719,-0.24492,0.16986,0.05190,0.89343,-0.23472,0.37947,
1403636876451666688,-0.23271,-0.30186,0.16871,0.06143,0.89275,-0.24398,0.37375,
1403636876551666432,-0.19359,-0.35707,0.16887,0.07242,0.89053,-0.24324,0.37756,
1403636876651666432,-0.14253,-0.40440,0.17148,0.07968,0.88813,-0.23257,0.38832,
1403636876751666432,-0.08387,-0.43583,0.17523,0.07710,0.88823,-0.21602,0.39804,
1403636876851666432,-0.02419,-0.44645,0.17872,0.07173,0.89087,-0.19177,0.40550,
1403636876951666688,0.03385,-0.43466,0.17949,0.06072,0.89295,-0.16305,0.41517,
1403636877051666432,0.08656,-0.40234,0.17814,0.04266,0.89535,-0.12922,0.42407,
1403636877151666432,0.13051,-0.35308,0.17679,0.02026,0.89832,-0.08999,0.42955,
1403636877251666432,0.16289,-0.28944,0.17579,-0.00522,0.90082,-0.05176,0.43106,
1403636877351666432,0.17946,-0.21811,0.17544,-0.02781,0.90210,-0.01534,0.43036,
1403636877451666688,0.17788,-0.14678,0.17459,-0.04872,0.90302,0.01863,0.42642,
1403636877551666432,0.16066,-0.08145,0.17132,-0.06836,0.90496,0.04356,0.41770,
1403636877651666432,0.12904,-0.02729,0.16652,-0.08331,0.90832,0.05925,0.40558,
1403636877751666432,0.08506,0.01313,0.16343,-0.09523,0.91167,0.06430,0.39453,
1403636877851666432,0.03380,0.03887,0.16097,-0.09781,0.91576,0.05920,0.38511,
1403636877951666688,-0.01967,0.04942,0.15744,-0.09209,0.92076,0.04790,0.37606,
1403636878051666432,-0.07263,0.04606,0.15273,-0.07996,0.92490,0.03164,0.37035,
1403636878151666432,-0.11929,0.02672,0.14760,-0.06432,0.92664,0.00787,0.37033,
1403636878251666432,-0.15797,-0.00696,0.14268,-0.05000,0.92602,-0.01734,0.37375,
1403636878351666432,-0.18786,-0.05167,0.13795,-0.04056,0.92397,-0.04517,0.37762,
1403636878451666688,-0.20838,-0.10684,0.13555,-0.02745,0.92178,-0.07270,0.37985,
1403636878551666432,-0.21663,-0.16864,0.13803,-0.01055,0.91921,-0.09717,0.38145,
1403636878651666432,-0.21102,-0.23257,0.14500,0.00760,0.91586,-0.11753,0.38382,
1403636878751666432,-0.19314,-0.29489,0.15453,0.02643,0.91187,-0.13105,0.38811,
1403636878851666432,-0.16408,-0.35064,0.16318,0.03770,0.90790,-0.14009,0.39329,
1403636878951666688,-0.12888,-0.39778,0.16851,0.04013,0.90681,-0.14498,0.39378,
1403636879051666432,-0.08803,-0.43409,0.17194,0.03932,0.90720,-0.14632,0.39248,
1403636879151666432,-0.04174,-0.45641,0.17847,0.03619,0.90399,-0.14408,0.40092,
1403636879251666432,0.00592,-0.46360,0.18662,0.03467,0.89892,-0.13587,0.41506,
1403636879351666432,0.04930,-0.45397,0.19465,0.02997,0.89547,-0.12047,0.42746,
1403636879451666688,0.08498,-0.42795,0.20124,0.01929,0.89461,-0.09678,0.43581,
1403636879551666432,0.11016,-0.38787,0.20644,0.00468,0.89612,-0.06836,0.43848,
1403636879651666432,0.12327,-0.33684,0.21244,-0.01379,0.89780,-0.04491,0.43790,
1403636879751666432,0.12362,-0.27845,0.21837,-0.03330,0.89935,-0.02572,0.43520,
1403636879851666432,0.11058,-0.21969,0.22110,-0.04840,0.90221,-0.00907,0.42847,
1403636879951666688,0.08386,-0.16937,0.22160,-0.05715,0.90614,0.00219,0.41909,
1403636880051666432,0.04604,-0.13428,0.22241,-0.06208,0.90952,0.00906,0.41091,
1403636880151666432,0.00103,-0.12114,0.22472,-0.06108,0.91128,0.01049,0.40709,
1403636880251666432,-0.04347,-0.12737,0.22630,-0.05196,0.91074,-0.00013,0.40970,
1403636880351666432,-0.09286,-0.14941,0.22973,-0.03571,0.90873,-0.02055,0.41534,
1403636880451666688,-0.14071,-0.17396,0.23610,-0.01527,0.90591,-0.04289,0.42101,
1403636880551666432,-0.19012,-0.19071,0.24607,0.00289,0.90379,-0.06322,0.42328,
1403636880651666432,-0.23937,-0.19343,0.25517,0.01445,0.90471,-0.07743,0.41868,
1403636880751666432,-0.28469,-0.17961,0.26215,0.01716,0.90795,-0.08575,0.40985,
1403636880851666432,-0.31936,-0.15238,0.26621,0.01174,0.91031,-0.08598,0.40473,
1403636880951666688,-0.33942,-0.11707,0.26866,0.00198,0.90953,-0.07768,0.40831,
1403636881051666432,-0.34491,-0.08008,0.27118,-0.00560,0.90553,-0.06399,0.41938,
1403636881151666432,-0.33555,-0.04250,0.27280,-0.01668,0.90135,-0.04463,0.43047,
1403636881251666432,-0.31418,-0.00875,0.27417,-0.03443,0.89858,-0.02207,0.43690,
1403636881351666432,-0.28183,0.01420,0.27661,-0.04728,0.89686,0.00040,0.43978,
1403636881451666688,-0.24703,0.02026,0.28131,-0.05137,0.89523,0.01811,0.44226,
1403636881551666432,-0.18854,0.01630,0.28019,-0.04865,0.89210,0.03221,0.44806,
1403636881651666432,-0.13494,-0.00502,0.27978,-0.04557,0.88915,0.04415,0.45320,
1403636881751666432,-0.08044,-0.03954,0.27556,-0.04116,0.88874,0.05231,0.45355,
1403636881851666432,-0.03014,-0.08289,0.26878,-0.03457,0.89019,0.04976,0.45154,
1403636881951666688,0.01113,-0.12982,0.25900,-0.03088,0.89227,0.03927,0.44873,
1403636882051666432,0.03542,-0.17921,0.25161,-0.02782,0.89283,0.02648,0.44875,
1403636882151666432,0.05189,-0.22575,0.23463,-0.02344,0.89213,0.01533,0.45091,
1403636882251666432,0.04476,-0.26227,0.22034,-0.01592,0.89001,0.00615,0.45561,
1403636882351666432,0.02951,-0.28350,0.20194,-0.01386,0.88731,0.00188,0.46097,
1403636882451666688,0.00910,-0.28821,0.18912,-0.01989,0.88543,0.00386,0.46432,
1403636882551666432,-0.00549,-0.27797,0.17415,-0.03118,0.88334,0.00911,0.46761,
1403636882651666432,-0.00729,-0.26030,0.16245,-0.04137,0.87707,0.01742,0.47826,
1403636882751666432,0.00506,-0.23867,0.15077,-0.05767,0.86281,0.03045,0.50131,
1403636882851666432,0.02507,-0.21768,0.13458,-0.07561,0.84557,0.04948,0.52616,
1403636882951666688,0.04681,-0.19755,0.11283,-0.09309,0.83375,0.06855,0.53991,
1403636883051666432,0.06651,-0.17859,0.08790,-0.10960,0.83027,0.08802,0.53935,
1403636883151666432,0.08523,-0.16216,0.06393,-0.11590,0.82639,0.10466,0.54101,
1403636883251666432,0.10406,-0.14863,0.04106,-0.11724,0.81957,0.11743,0.54843,
1403636883351666432,0.11416,-0.13624,0.02321,-0.12243,0.81450,0.12419,0.55333,
1403636883451666688,0.12323,-0.12910,0.01009,-0.12824,0.81052,0.12827,0.55692,
1403636883551666432,0.12964,-0.12474,0.00268,-0.13409,0.80357,0.13418,0.56417,
1403636883651666432,0.13486,-0.12105,-0.00326,-0.13974,0.79767,0.14090,0.56952,
1403636883851666432,0.14109,-0.11745,-0.01121,-0.14742,0.79498,0.14899,0.56928,
1403636884051666432,0.14461,-0.11671,-0.01570,-0.15429,0.78903,0.15456,0.57422,
1403636884251666432,0.14424,-0.11814,-0.01596,-0.15435,0.78159,0.15709,0.58362,
1403636897351666432,0.13714,-0.12432,-0.01592,-0.15560,0.78194,0.15955,0.58215,
1403636897451666688,0.13030,-0.13417,-0.01632,-0.14842,0.78700,0.15740,0.57778,
1403636897551666432,0.12162,-0.14697,-0.01668,-0.13965,0.79309,0.15581,0.57205,
1403636897651666432,0.11011,-0.16209,-0.01438,-0.12847,0.80254,0.15797,0.56077,
1403636897751666432,0.09821,-0.17846,-0.00573,-0.11706,0.81218,0.16298,0.54781,
1403636897851666432,0.08841,-0.19335,0.00971,-0.11053,0.81889,0.16680,0.53794,
1403636897951666688,0.08368,-0.20444,0.03163,-0.10929,0.81914,0.16919,0.53706,
1403636898051666432,0.08398,-0.21213,0.05144,-0.11278,0.81207,0.16985,0.54679,
1403636898151666432,0.08565,-0.21770,0.06384,-0.11743,0.80760,0.17027,0.55227,
1403636898251666432,0.09025,-0.22074,0.07638,-0.11970,0.80562,0.17222,0.55406,
1403636898351666432,0.09617,-0.22232,0.09246,-0.12143,0.80506,0.17483,0.55369,
1403636898451666688,0.10340,-0.22193,0.11180,-0.12452,0.80460,0.17771,0.55275,
1403636898551666432,0.10902,-0.22063,0.13367,-0.12774,0.80431,0.17977,0.55177,
1403636898751666432,0.13225,-0.21338,0.17235,-0.12939,0.80432,0.18451,0.54980,
1403636898851666432,0.14665,-0.20781,0.18960,-0.13233,0.80439,0.18450,0.54900,
1403636898951666688,0.16260,-0.19661,0.20301,-0.13713,0.80563,0.18256,0.54664,
1403636899151666432,0.19963,-0.18878,0.22675,-0.13746,0.80645,0.16638,0.55051,
1403636899251666432,0.22297,-0.18813,0.23794,-0.12846,0.80362,0.15264,0.56071,
1403636899351666432,0.24895,-0.19003,0.24776,-0.11552,0.80117,0.13394,0.57170,
1403636899551666432,0.29076,-0.19938,0.26022,-0.09340,0.80856,0.09313,0.57344,
1403636899651666432,0.30979,-0.21116,0.26993,-0.08826,0.81424,0.07879,0.56834,
1403636899751666432,0.33124,-0.22569,0.27641,-0.08216,0.81796,0.06994,0.56507,
1403636899851666432,0.35385,-0.24091,0.28087,-0.07331,0.81960,0.06736,0.56421,
1403636899951666688,0.37814,-0.25815,0.28417,-0.06537,0.81791,0.06766,0.56761,
1403636900051666432,0.40530,-0.27793,0.28529,-0.06109,0.81353,0.06803,0.57429,
1403636900151666432,0.42985,-0.29495,0.28781,-0.05986,0.80827,0.06836,0.58176,
1403636900551666432,0.50671,-0.36709,0.37069,-0.06252,0.81687,0.07857,0.56802,
1403636900751666432,0.54183,-0.40791,0.40299,-0.06640,0.82475,0.08195,0.55557,
1403636900951666688,0.59653,-0.44512,0.40538,-0.08020,0.82309,0.07598,0.55706,
1403636901251666432,0.68356,-0.52593,0.40248,-0.08585,0.81907,0.07211,0.56263,
1403636901451666688,0.75482,-0.60110,0.41216,-0.07724,0.81769,0.07737,0.56518,
1403636901651666432,0.83832,-0.67760,0.42920,-0.06994,0.81538,0.08157,0.56887,
1403636901851666432,0.91890,-0.75879,0.42002,-0.07064,0.81413,0.08085,0.57067,
1403636902051666432,0.99777,-0.84155,0.39685,-0.06922,0.81349,0.08348,0.57138,
1403636902351666432,1.10798,-0.96308,0.38389,-0.07168,0.81364,0.08157,0.57113,
1403636902551666432,1.18270,-1.04159,0.33973,-0.06542,0.81447,0.08050,0.57086,
1403636902651666432,1.21592,-1.08146,0.31192,-0.05876,0.81441,0.08199,0.57146,
1403636902851666432,1.28488,-1.15654,0.28595,-0.05737,0.81239,0.07956,0.57480,
1403636903151666432,1.37789,-1.26382,0.29446,-0.06362,0.81188,0.08216,0.57450,
1403636903451666688,1.46279,-1.36347,0.36484,-0.06254,0.81471,0.08951,0.56950,
1403636903751666432,1.54306,-1.45320,0.38309,-0.06773,0.81974,0.08858,0.56177,
1403636904051666432,1.63742,-1.53706,0.40188,-0.07999,0.81817,0.08036,0.56369,
1403636904251666432,1.71595,-1.60477,0.45717,-0.08262,0.81677,0.07706,0.56579,
1403636904451666688,1.79323,-1.68028,0.50612,-0.07846,0.81510,0.07730,0.56875,
1403636904651666432,1.87223,-1.76478,0.53584,-0.07117,0.81514,0.07880,0.56945,
1403636904851666432,1.95277,-1.85188,0.55863,-0.06333,0.81515,0.07983,0.57022,
1403636905051666432,2.03239,-1.93615,0.56698,-0.05722,0.81547,0.07943,0.57046,
1403636905251666432,2.11755,-2.01906,0.58374,-0.05086,0.81514,0.07894,0.57160,
1403636905451666688,2.18922,-2.08302,0.60595,-0.04676,0.81863,0.08057,0.56672,
1403636905751666432,2.29975,-2.15719,0.64715,-0.05502,0.81821,0.09353,0.56459,
1403636906051666432,2.41867,-2.20778,0.62957,-0.06130,0.82260,0.09859,0.55664,
1403636906351666432,2.55617,-2.23255,0.61486,-0.06853,0.81470,0.09819,0.56738,
1403636906551666432,2.64957,-2.24159,0.63176,-0.08741,0.81415,0.08470,0.56775,
1403636906751666432,2.74241,-2.26155,0.63739,-0.07908,0.81562,0.08950,0.56613,
1403636906951666688,2.83751,-2.28679,0.62602,-0.06912,0.81547,0.09859,0.56613,
1403636907251666432,2.98189,-2.31475,0.62941,-0.06870,0.82052,0.10414,0.55784,
1403636907451666688,3.08719,-2.32460,0.62185,-0.07745,0.82392,0.10084,0.55226,
1403636907651666432,3.20343,-2.33503,0.64073,-0.08770,0.82403,0.09472,0.55164,
1403636907851666432,3.33902,-2.35587,0.68447,-0.09174,0.82339,0.09195,0.55241,
1403636907951666688,3.41307,-2.37021,0.69416,-0.08925,0.82035,0.09442,0.55691,
1403636908051666432,3.49175,-2.38532,0.69347,-0.08206,0.81665,0.10090,0.56229,
1403636908151666432,3.57202,-2.40120,0.69293,-0.08025,0.81383,0.10456,0.56596,
1403636908351666432,3.71900,-2.43307,0.70013,-0.08028,0.81173,0.11048,0.56785,
1403636908551666432,3.85891,-2.46368,0.68961,-0.08358,0.81289,0.11384,0.56504,
1403636908751666432,3.99890,-2.49277,0.68326,-0.08613,0.81571,0.11719,0.55988,
1403636908951666688,4.14219,-2.51874,0.70965,-0.09014,0.82039,0.11694,0.55241,
1403636909151666432,4.29796,-2.54343,0.75273,-0.09464,0.82102,0.11399,0.55133,
1403636909351666432,4.46303,-2.57060,0.77599,-0.09354,0.82117,0.11278,0.55155,
1403636909451666688,4.55148,-2.58573,0.78218,-0.09102,0.81904,0.11321,0.55504,
1403636909551666432,4.64146,-2.60057,0.78157,-0.08972,0.81675,0.11294,0.55867,
1403636909751666432,4.82062,-2.63024,0.76021,-0.09301,0.81187,0.10702,0.56637,
1403636909851666432,4.91006,-2.64808,0.74193,-0.08308,0.80696,0.11276,0.57376,
1403636909951666688,4.99603,-2.66547,0.71937,-0.06915,0.80271,0.12189,0.57967,
1403636910051666432,5.07712,-2.67960,0.69359,-0.06317,0.79840,0.12582,0.58544,
1403636910251666432,5.22421,-2.69364,0.64948,-0.07671,0.80636,0.11825,0.57438,
1403636910451666688,5.36257,-2.69950,0.63699,-0.08196,0.81177,0.11716,0.56620,
1403636910651666432,5.50173,-2.70318,0.63713,-0.08224,0.81221,0.11976,0.56498,
1403636910851666432,5.63858,-2.70374,0.61543,-0.08537,0.81271,0.11880,0.56401,
1403636911051666432,5.77369,-2.70088,0.58519,-0.09507,0.80274,0.11287,0.57778,
1403636911251666432,5.90009,-2.70436,0.57239,-0.09193,0.80666,0.11542,0.57229,
1403636911451666688,6.00979,-2.71322,0.58751,-0.08543,0.81032,0.11892,0.56740,
1403636911651666432,6.11189,-2.71928,0.61365,-0.08366,0.81115,0.11924,0.56641,
1403636911851666432,6.21530,-2.72477,0.62118,-0.09115,0.81229,0.11279,0.56493,
1403636912051666432,6.33276,-2.73150,0.60489,-0.09516,0.81621,0.10749,0.55964,
1403636912251666432,6.45678,-2.74365,0.58811,-0.09051,0.81407,0.10930,0.56316,
1403636912551666432,6.64070,-2.77101,0.59550,-0.09225,0.81364,0.10542,0.56424,
1403636912851666432,6.82358,-2.81446,0.56278,-0.10137,0.81398,0.09634,0.56381,
1403636913051666432,6.94727,-2.85929,0.51782,-0.09065,0.80791,0.10292,0.57312,
1403636913251666432,7.05618,-2.91065,0.47647,-0.08536,0.80398,0.10679,0.57873,
1403636913451666688,7.15868,-2.96488,0.46508,-0.09194,0.80974,0.10291,0.57033,
1403636913651666432,7.26474,-3.02514,0.46150,-0.08750,0.81143,0.10411,0.56840,
1403636913851666432,7.36607,-3.09014,0.44245,-0.08325,0.81069,0.10617,0.56972,
1403636914051666432,7.46688,-3.15734,0.44264,-0.08343,0.81002,0.10695,0.57049,
1403636914351666432,7.61307,-3.26066,0.45076,-0.08465,0.81017,0.10542,0.57039,
1403636914551666432,7.70851,-3.33347,0.44986,-0.07895,0.80977,0.10870,0.57116,
1403636914751666432,7.79781,-3.40295,0.47758,-0.07730,0.80809,0.10865,0.57377,
1403636914951666688,7.87486,-3.46547,0.50140,-0.07540,0.80993,0.10781,0.57158,
1403636915151666432,7.94518,-3.52442,0.49915,-0.07334,0.81368,0.10697,0.56666,
1403636915351666432,8.02360,-3.57999,0.47722,-0.07064,0.82237,0.10767,0.55419,
1403636915551666432,8.11013,-3.62547,0.45531,-0.07867,0.81881,0.10246,0.55934,
1403636915651666432,8.15871,-3.64636,0.45546,-0.08826,0.81442,0.09639,0.56536,
1403636915851666432,8.25177,-3.69467,0.47563,-0.09404,0.81059,0.09356,0.57039,
1403636916051666432,8.34461,-3.75724,0.51497,-0.08407,0.80908,0.10164,0.57271,
1403636916251666432,8.42969,-3.82290,0.53573,-0.07633,0.80869,0.10853,0.57308,
1403636916451666688,8.51167,-3.88490,0.56660,-0.07207,0.80910,0.10834,0.57308,
1403636916551666432,8.55496,-3.91488,0.57904,-0.06376,0.81016,0.10015,0.57406,
1403636916651666432,8.59304,-3.94272,0.58595,-0.05421,0.81160,0.08908,0.57483,
1403636916751666432,8.63089,-3.96817,0.58825,-0.04735,0.81213,0.07963,0.57608,
1403636916851666432,8.66633,-3.99002,0.58514,-0.04311,0.81281,0.07162,0.57650,
1403636916951666688,8.70081,-4.00803,0.57764,-0.03785,0.81277,0.06736,0.57743,
1403636917251666432,8.79111,-4.04933,0.52251,-0.03690,0.81416,0.05102,0.57721,
1403636917351666432,8.82007,-4.06326,0.49571,-0.02777,0.81391,0.03948,0.57899,
1403636917451666688,8.84785,-4.07800,0.46486,-0.01485,0.81361,0.02249,0.58079,
1403636917551666432,8.87372,-4.09146,0.43231,-0.00392,0.81407,0.00774,0.58070,
1403636917651666432,8.89832,-4.10321,0.40654,0.00281,0.81334,-0.00468,0.58176,
1403636917751666432,8.92109,-4.11289,0.38823,0.00846,0.81277,-0.01409,0.58235,
1403636917851666432,8.94148,-4.12127,0.37843,0.01524,0.81221,-0.02072,0.58279,
1403636918051666432,8.97320,-4.13196,0.37275,0.02345,0.81286,-0.02859,0.58129,
1403636918351666432,9.00560,-4.13299,0.35198,0.03244,0.81767,-0.02558,0.57421,
1403636918451666688,9.01537,-4.12741,0.35414,0.03196,0.82501,-0.02505,0.56366,
1403636918751666432,9.06867,-4.09208,0.41580,0.02357,0.82656,-0.02410,0.56184,
1403636918851666432,9.09390,-4.07564,0.45126,0.00777,0.82183,-0.03334,0.56870,
1403636918951666688,9.11982,-4.06215,0.48968,-0.00068,0.81580,-0.04343,0.57670,
1403636919151666432,9.17226,-4.05177,0.57420,-0.00209,0.81011,-0.06052,0.58314,
1403636919351666432,9.21315,-4.06745,0.66271,0.00658,0.80808,-0.06776,0.58512,
1403636919451666688,9.22939,-4.08313,0.69946,0.01621,0.80800,-0.06790,0.58504,
1403636919551666432,9.24128,-4.10292,0.72979,0.02959,0.80797,-0.06337,0.58506,
1403636919651666432,9.24922,-4.12442,0.75343,0.03874,0.80703,-0.06071,0.58610,
1403636920151666432,9.24339,-4.22405,0.76719,0.02610,0.80228,-0.07025,0.59223,
1403636920451666688,9.19316,-4.29611,0.71725,0.04107,0.80417,-0.05675,0.59026,
1403636920651666432,9.14108,-4.34304,0.70322,0.04378,0.81156,-0.05422,0.58010,
1403636920851666432,9.08427,-4.38197,0.72157,0.04328,0.81906,-0.05574,0.56935,
1403636921251666432,8.99022,-4.43652,0.78136,0.04429,0.81556,-0.05775,0.57407,
1403636921451666688,8.94718,-4.45666,0.78060,0.03789,0.80664,-0.06299,0.58646,
1403636921651666432,8.89449,-4.47574,0.75713,0.02625,0.81315,-0.07214,0.57697,
1403636921751666432,8.86903,-4.48810,0.73735,0.02645,0.82408,-0.07304,0.56113,
1403636921851666432,8.84772,-4.50367,0.71766,0.03154,0.82880,-0.07064,0.55418,
1403636922051666432,8.81607,-4.53628,0.67765,0.04428,0.81883,-0.06849,0.56821,
1403636922151666432,8.80077,-4.55354,0.65884,0.05007,0.81371,-0.07078,0.57476,
1403636922351666432,8.77177,-4.58333,0.63928,0.05909,0.81849,-0.07745,0.56620,
1403636922451666688,8.75846,-4.59695,0.63279,0.06230,0.82226,-0.08153,0.55979,
1403636922551666432,8.74830,-4.60983,0.62168,0.06776,0.82442,-0.08962,0.55471,
1403636922651666432,8.74133,-4.62196,0.60702,0.07384,0.82174,-0.09884,0.55635,
1403636922751666432,8.73813,-4.63195,0.59188,0.08129,0.81274,-0.10440,0.56740,
1403636922851666432,8.73626,-4.63911,0.57762,0.07888,0.80471,-0.11425,0.57720,
1403636923051666432,8.72526,-4.65064,0.56495,0.07107,0.79674,-0.12994,0.58590,
1403636923251666432,8.69787,-4.67180,0.54820,0.08476,0.79917,-0.14351,0.57753,
1403636923351666432,8.67856,-4.68485,0.53412,0.09641,0.80407,-0.14854,0.56756,
1403636923451666688,8.65847,-4.69717,0.51436,0.10300,0.80981,-0.15406,0.55665,
1403636923551666432,8.64109,-4.70932,0.49175,0.10566,0.81650,-0.15917,0.54482,
1403636923651666432,8.62882,-4.72268,0.47725,0.10696,0.82051,-0.16260,0.53748,
1403636924151666432,8.68351,-4.79789,0.46828,0.11388,0.82069,-0.15910,0.53683,
1403636924451666688,8.78927,-4.84899,0.45252,0.10285,0.81436,-0.16293,0.54743,
1403636924551666432,8.83297,-4.86902,0.46244,0.09625,0.80811,-0.16630,0.55681,
1403636924651666432,8.87858,-4.89184,0.47361,0.08834,0.80251,-0.17032,0.56495,
1403636924751666432,8.92446,-4.91856,0.47995,0.08296,0.79772,-0.17181,0.57206,
1403636924951666688,9.00561,-4.98541,0.46941,0.08049,0.78997,-0.17567,0.58190,
1403636925051666432,9.03620,-5.02578,0.45202,0.08952,0.79055,-0.18015,0.57841,
1403636925151666432,9.06071,-5.06894,0.42841,0.10405,0.79325,-0.17914,0.57257,
1403636925251666432,9.08238,-5.11310,0.40037,0.11807,0.79812,-0.17668,0.56379,
1403636925351666432,9.10434,-5.15686,0.36805,0.12550,0.80574,-0.17722,0.55102,
1403636925451666688,9.12774,-5.20023,0.33400,0.12811,0.81290,-0.17978,0.53895,
1403636925551666432,9.15648,-5.24341,0.30432,0.12909,0.81811,-0.18231,0.52990,
1403636925751666432,9.23806,-5.32845,0.27068,0.12983,0.82439,-0.18556,0.51874,
1403636925951666688,9.35897,-5.41558,0.27635,0.13511,0.81329,-0.18227,0.53580,
1403636926051666432,9.43008,-5.45866,0.28438,0.13712,0.80107,-0.18043,0.55401,
1403636926151666432,9.50114,-5.49882,0.28505,0.13308,0.79109,-0.18227,0.56855,
1403636926251666432,9.56947,-5.53625,0.27795,0.12599,0.78500,-0.18572,0.57742,
1403636926451666688,9.68897,-5.60774,0.24332,0.11385,0.78042,-0.19012,0.58466,
1403636926751666432,9.81522,-5.71385,0.19694,0.11763,0.79000,-0.18429,0.57280,
1403636926851666432,9.84912,-5.74981,0.19668,0.11709,0.79236,-0.19268,0.56686,
1403636926951666688,9.88095,-5.78950,0.20041,0.11863,0.79137,-0.20644,0.56306,
1403636927051666432,9.91180,-5.83344,0.20092,0.12662,0.78738,-0.22169,0.56111,
1403636927151666432,9.93853,-5.87934,0.19661,0.13843,0.78257,-0.23847,0.55817,
1403636927251666432,9.96001,-5.92732,0.18632,0.15329,0.77659,-0.25679,0.55449,
1403636927351666432,9.97831,-5.97626,0.16981,0.16902,0.77288,-0.27199,0.54783,
1403636927451666688,9.99521,-6.02509,0.14806,0.18106,0.77672,-0.28230,0.53313,
1403636927551666432,10.01334,-6.07510,0.12460,0.18718,0.78232,-0.29110,0.51787,
1403636927651666432,10.03732,-6.12820,0.10534,0.19188,0.78523,-0.29711,0.50825,
1403636927851666432,10.10408,-6.24325,0.09168,0.19510,0.78481,-0.30378,0.50372,
1403636928051666432,10.19524,-6.37229,0.08386,0.19698,0.78118,-0.30381,0.50859,
1403636928151666432,10.24945,-6.44775,0.08363,0.19956,0.77630,-0.30103,0.51663,
1403636928251666432,10.30542,-6.51261,0.06279,0.19961,0.76793,-0.29940,0.52991,
1403636928351666432,10.36251,-6.58275,0.04568,0.19916,0.76077,-0.29773,0.54122,
1403636928551666432,10.46741,-6.71694,0.00559,0.20236,0.75724,-0.29269,0.54769,
1403636928751666432,10.56348,-6.84368,-0.01567,0.20157,0.76833,-0.29141,0.53303,
1403636929051666432,10.71272,-7.02382,0.01702,0.20091,0.76194,-0.29122,0.54248,
1403636929151666432,10.76276,-7.07999,0.04358,0.19581,0.75481,-0.29430,0.55254,
1403636929351666432,10.84883,-7.18910,0.09610,0.18474,0.75291,-0.30045,0.55563,
1403636929551666432,10.91563,-7.30076,0.12649,0.19177,0.75783,-0.29328,0.55036,
1403636929751666432,10.96749,-7.40801,0.13380,0.20337,0.76182,-0.28322,0.54594,
1403636930051666432,11.03474,-7.54740,0.12515,0.19702,0.75929,-0.28638,0.55014,
1403636930451666688,11.09817,-7.71811,0.19552,0.19606,0.76166,-0.28804,0.54632,
1403636930651666432,11.11533,-7.79831,0.22027,0.19933,0.76050,-0.28576,0.54794,
1403636930951666688,11.12700,-7.91286,0.21602,0.18162,0.75373,-0.30224,0.55458,
1403636931051666432,11.12301,-7.95569,0.20453,0.18183,0.74937,-0.31310,0.55439,
1403636931151666432,11.11246,-8.00198,0.19673,0.19524,0.74464,-0.31542,0.55489,
1403636931251666432,11.09564,-8.04776,0.19431,0.21115,0.74089,-0.31381,0.55499,
1403636931351666432,11.07272,-8.08860,0.19930,0.22233,0.73764,-0.31272,0.55558,
1403636931451666688,11.04501,-8.12500,0.20975,0.23221,0.73832,-0.31099,0.55158,
1403636931551666432,11.01376,-8.15549,0.22545,0.24373,0.74089,-0.30659,0.54560,
1403636931651666432,10.98196,-8.17985,0.24134,0.25319,0.74295,-0.30207,0.54099,
1403636931851666432,10.91908,-8.20582,0.25547,0.23870,0.74493,-0.31435,0.53785,
1403636932051666432,10.85586,-8.21634,0.24616,0.23018,0.74534,-0.32179,0.53660,
1403636932251666432,10.78980,-8.21543,0.22148,0.23698,0.73972,-0.31919,0.54292,
1403636932351666432,10.75646,-8.21014,0.21716,0.24810,0.73887,-0.31376,0.54228,
1403636932551666432,10.68353,-8.17818,0.22996,0.25882,0.73591,-0.31912,0.53815,
1403636932651666432,10.64682,-8.14976,0.24757,0.26079,0.73112,-0.33429,0.53451,
1403636932751666432,10.61046,-8.11721,0.27186,0.26414,0.72475,-0.34826,0.53262,
1403636932851666432,10.57319,-8.07921,0.30200,0.26856,0.71996,-0.35916,0.52966,
1403636932951666688,10.53520,-8.03650,0.32841,0.27157,0.71836,-0.36802,0.52418,
1403636933051666432,10.49746,-7.99147,0.34080,0.27574,0.71625,-0.37692,0.51854,
1403636933151666432,10.45903,-7.94352,0.33979,0.27979,0.71361,-0.38572,0.51351,
1403636933251666432,10.42119,-7.89248,0.32933,0.27611,0.71914,-0.39660,0.49930,
1403636933351666432,10.38437,-7.84160,0.31517,0.27008,0.72636,-0.40579,0.48455,
1403636933751666432,10.27046,-7.68112,0.26960,0.27904,0.71489,-0.39966,0.50134,
1403636933951666688,10.22321,-7.60999,0.27881,0.27957,0.70804,-0.39961,0.51071,
1403636934051666432,10.19792,-7.57439,0.28608,0.28220,0.70294,-0.40813,0.50957,
1403636934151666432,10.16972,-7.53749,0.28168,0.29207,0.69569,-0.42059,0.50379,
1403636934251666432,10.13977,-7.49947,0.26409,0.30491,0.68582,-0.43618,0.49641,
1403636934351666432,10.10826,-7.45868,0.24141,0.31723,0.67251,-0.45505,0.48991,
1403636934451666688,10.07525,-7.41545,0.21940,0.32406,0.65724,-0.47891,0.48339,
1403636934551666432,10.03904,-7.37163,0.20511,0.33454,0.64174,-0.50021,0.47543,
1403636934651666432,9.99908,-7.32743,0.20033,0.34701,0.62756,-0.51844,0.46581,
1403636934751666432,9.95872,-7.28353,0.20620,0.35671,0.62139,-0.53188,0.45137,
1403636934851666432,9.91460,-7.23646,0.21832,0.36447,0.62050,-0.53958,0.43703,
1403636934951666688,9.86949,-7.18998,0.23751,0.36798,0.61999,-0.54485,0.42819,
1403636935151666432,9.78529,-7.10891,0.30163,0.37542,0.61525,-0.54225,0.43184,
1403636935351666432,9.70412,-7.03747,0.36456,0.37121,0.61078,-0.53949,0.44509,
1403636935851666432,9.47636,-6.85925,0.39394,0.35935,0.62361,-0.53547,0.44186,
1403636935951666688,9.42461,-6.83196,0.37436,0.35142,0.63019,-0.53955,0.43387,
1403636936051666432,9.37406,-6.80626,0.35053,0.34409,0.63604,-0.54399,0.42559,
1403636936251666432,9.27686,-6.77489,0.30514,0.34800,0.63746,-0.54152,0.42343,
1403636936351666432,9.23171,-6.77052,0.29005,0.35436,0.63245,-0.53820,0.42985,
1403636936451666688,9.18923,-6.76908,0.28248,0.35938,0.62705,-0.53584,0.43649,
1403636936651666432,9.10507,-6.77108,0.28319,0.36683,0.62058,-0.53449,0.44117,
1403636936851666432,9.02711,-6.77942,0.26857,0.37085,0.62030,-0.53507,0.43750,
1403636937051666432,8.95406,-6.79162,0.26450,0.37528,0.62143,-0.53410,0.43327,
1403636937351666432,8.84393,-6.80401,0.29117,0.37163,0.61706,-0.53942,0.43606,
1403636937651666432,8.74172,-6.81892,0.27247,0.37628,0.61687,-0.53920,0.43261,
1403636937851666432,8.68544,-6.82844,0.23264,0.38822,0.61874,-0.53283,0.42723,
1403636937951666688,8.66294,-6.83147,0.20604,0.39745,0.61533,-0.52758,0.43019,
1403636938151666432,8.63180,-6.82509,0.14281,0.40894,0.60312,-0.52576,0.43885,
1403636938351666432,8.61118,-6.79214,0.08372,0.39496,0.58504,-0.54521,0.45220,
1403636938451666688,8.59814,-6.76098,0.06190,0.37749,0.57723,-0.56092,0.45790,
1403636938551666432,8.57745,-6.72773,0.04910,0.36699,0.57559,-0.57126,0.45572,
1403636938751666432,8.51141,-6.66304,0.04667,0.36508,0.57706,-0.57673,0.44845,
1403636938851666432,8.46792,-6.62731,0.05236,0.37158,0.58126,-0.57365,0.44158,
1403636938951666688,8.41777,-6.58946,0.05847,0.37741,0.58875,-0.57030,0.43092,
1403636939151666432,8.31073,-6.52400,0.05881,0.38423,0.59427,-0.56487,0.42443,
1403636939551666432,8.09353,-6.40700,0.02526,0.38977,0.59384,-0.55276,0.43577,
1403636939751666432,7.98140,-6.33603,0.03803,0.39402,0.58937,-0.54676,0.44547,
1403636939951666688,7.86784,-6.24984,0.03737,0.39048,0.58815,-0.55085,0.44517,
1403636940051666432,7.80806,-6.19911,0.02611,0.39097,0.58447,-0.55739,0.44141,
1403636940151666432,7.74334,-6.14489,0.00977,0.39056,0.58095,-0.56499,0.43674,
1403636940251666432,7.67864,-6.08971,-0.00996,0.38971,0.57792,-0.57105,0.43363,
1403636940351666432,7.61062,-6.03356,-0.03215,0.39228,0.57496,-0.57392,0.43145,
1403636940451666688,7.54329,-5.97753,-0.05724,-0.39360,-0.57161,0.57700,-0.43060,
1403636940551666432,7.47297,-5.91953,-0.07895,-0.39306,-0.57033,0.58074,-0.42775,
1403636940651666432,7.40286,-5.86215,-0.09462,-0.39088,-0.57375,0.58480,-0.41956,
1403636940751666432,7.33110,-5.80598,-0.10179,-0.39010,-0.57805,0.58692,-0.41135,
1403636940851666432,7.25845,-5.75147,-0.10105,-0.38998,-0.58086,0.58794,-0.40601,
1403636940951666688,7.18653,-5.69896,-0.09310,-0.39153,-0.58367,0.58704,-0.40176,
1403636941151666432,7.04334,-5.60870,-0.05745,-0.39678,-0.58080,0.58266,-0.40712,
1403636941351666432,6.90310,-5.52497,-0.01870,0.40087,0.57917,-0.57661,0.41398,
1403636941551666432,6.76721,-5.44196,0.00049,0.40175,0.58185,-0.57050,0.41783,
1403636941751666432,6.63634,-5.35822,-0.00019,0.39918,0.58596,-0.56788,0.41811,
1403636941951666688,6.50864,-5.27322,0.00946,0.39402,0.58883,-0.56839,0.41829,
1403636942151666432,6.38575,-5.18996,0.03984,0.38946,0.58618,-0.57084,0.42291,
1403636942351666432,6.25868,-5.10606,0.05920,0.38767,0.58144,-0.57368,0.42722,
1403636942451666688,6.19304,-5.06420,0.05825,0.38515,0.57876,-0.57682,0.42892,
1403636942551666432,6.12791,-5.02194,0.05124,-0.38203,-0.57802,0.58066,-0.42752,
1403636942651666432,6.05872,-4.97931,0.04012,-0.38070,-0.57918,0.58329,-0.42355,
1403636942751666432,5.98650,-4.93719,0.02522,-0.38201,-0.58199,0.58382,-0.41774,
1403636942851666432,5.91333,-4.89764,0.01288,-0.38605,-0.58237,0.58245,-0.41541,
1403636942951666688,5.83949,-4.86056,0.00859,0.39266,0.58142,-0.57935,0.41487,
1403636943051666432,5.76657,-4.82504,0.01356,0.39720,0.57986,-0.57712,0.41584,
1403636943151666432,5.69289,-4.78998,0.02472,0.39978,0.57703,-0.57691,0.41759,
1403636943251666432,5.62142,-4.75454,0.03273,-0.40131,-0.57574,0.57710,-0.41766,
1403636943351666432,5.55086,-4.71792,0.03444,-0.40442,-0.57481,0.57691,-0.41620,
1403636943451666688,5.48227,-4.68005,0.03022,-0.40611,-0.57310,0.57759,-0.41596,
1403636943551666432,5.41291,-4.64054,0.02061,-0.40811,-0.57239,0.57752,-0.41507,
1403636943651666432,5.34538,-4.59998,0.00564,-0.41106,-0.57238,0.57640,-0.41374,
1403636943851666432,5.21376,-4.51356,-0.03968,-0.41062,-0.57265,0.57653,-0.41361,
1403636943951666688,5.15031,-4.46841,-0.07250,0.39956,0.58176,-0.57703,0.41103,
1403636944051666432,5.08934,-4.42400,-0.10846,0.38545,0.59413,-0.57847,0.40473,
1403636944151666432,5.03008,-4.38317,-0.13927,0.37376,0.60504,-0.57943,0.39811,
1403636944251666432,4.97407,-4.35036,-0.16107,0.36821,0.61061,-0.57792,0.39698,
1403636944451666688,4.86874,-4.31005,-0.17573,0.37636,0.60891,-0.56586,0.40913,
1403636944551666432,4.81932,-4.29751,-0.17364,0.38920,0.60702,-0.55481,0.41501,
1403636944651666432,4.77434,-4.28502,-0.16704,0.40086,0.60869,-0.54431,0.41537,
1403636944851666432,4.70339,-4.25679,-0.13875,0.39592,0.61040,-0.53734,0.42652,
1403636945151666432,4.62726,-4.20065,-0.10303,0.38748,0.61133,-0.53507,0.43571,
1403636945651666432,4.55054,-4.06105,-0.10076,0.38088,0.61570,-0.54157,0.42726,
1403636945751666432,4.54532,-4.02860,-0.10988,0.37390,0.62202,-0.54837,0.41544,
1403636945851666432,4.53996,-3.99901,-0.12314,0.36893,0.62630,-0.55340,0.40667,
1403636946051666432,4.53675,-3.95929,-0.15651,0.38052,0.61685,-0.54838,0.41711,
1403636946551666432,4.57027,-3.88078,-0.34082,0.39477,0.60254,-0.54747,0.42589,
1403636946751666432,4.59605,-3.83671,-0.42531,0.38199,0.59568,-0.55943,0.43162,
1403636946851666432,4.60823,-3.81081,-0.45784,0.36899,0.58819,-0.56924,0.44027,
1403636946951666688,4.61529,-3.78686,-0.48966,0.35809,0.58328,-0.57705,0.44561,
1403636947151666432,4.60390,-3.74602,-0.56087,0.35536,0.58495,-0.57984,0.44198,
1403636947251666432,4.58461,-3.72477,-0.59334,0.36196,0.59995,-0.57617,0.42080,
1403636947351666432,4.56266,-3.70952,-0.61774,0.36338,0.61275,-0.57531,0.40189,
1403636947451666688,4.54169,-3.70316,-0.63296,0.36283,0.61877,-0.57581,0.39234,
1403636947651666432,4.50371,-3.72288,-0.63442,0.37037,0.60816,-0.57219,0.40691,
1403636947851666432,4.46816,-3.76677,-0.63217,0.38487,0.61250,-0.56153,0.40175,
1403636948351666432,4.44709,-3.93350,-0.70547,0.38635,0.62068,-0.55394,0.39829,
1403636948551666432,4.47307,-4.01731,-0.75612,0.40073,0.62859,-0.53886,0.39233,
1403636948651666432,4.49806,-4.06011,-0.78123,0.41191,0.63224,-0.52840,0.38909,
1403636948751666432,4.53594,-4.10326,-0.80112,0.41069,0.62869,-0.52766,0.39706,
1403636948851666432,4.58485,-4.14458,-0.81323,0.39960,0.61998,-0.53444,0.41270,
1403636948951666688,4.63967,-4.18458,-0.81740,0.38874,0.61040,-0.54048,0.42916,
1403636949051666432,4.69509,-4.22293,-0.82263,0.38182,0.60354,-0.54351,0.44108,
1403636949251666432,4.79818,-4.29383,-0.84763,0.38412,0.60681,-0.53919,0.43989,
1403636949451666688,4.89492,-4.35073,-0.89099,0.37942,0.60444,-0.54065,0.44542,
1403636949651666432,4.98115,-4.39494,-0.93765,0.37173,0.60209,-0.54502,0.44973,
1403636949751666432,5.01896,-4.41222,-0.95095,0.36951,0.60704,-0.54669,0.44283,
1403636949851666432,5.05449,-4.42802,-0.95801,0.36466,0.61193,-0.54987,0.43612,
1403636950051666432,5.11861,-4.46538,-0.96012,0.35742,0.61759,-0.55562,0.42677,
1403636950351666432,5.20433,-4.55123,-0.96674,0.36562,0.62056,-0.55178,0.42044,
1403636950551666432,5.26032,-4.61867,-0.98924,0.38384,0.61982,-0.53927,0.42151,
1403636950751666432,5.32395,-4.68649,-1.00799,0.38860,0.61742,-0.53487,0.42626,
1403636950851666432,5.35944,-4.71756,-1.00753,0.38420,0.61377,-0.53675,0.43310,
1403636951051666432,5.43898,-4.77902,-0.98776,0.38017,0.61039,-0.53813,0.43967,
1403636951151666432,5.47901,-4.80686,-0.97406,0.37063,0.60865,-0.54438,0.44252,
1403636951351666432,5.54897,-4.85908,-0.96089,0.36187,0.61849,-0.55111,0.42754,
1403636951551666432,5.61321,-4.92445,-0.97091,0.36101,0.62464,-0.55226,0.41774,
1403636951751666432,5.68100,-5.00844,-0.99047,0.36949,0.62370,-0.54693,0.41875,
1403636951851666432,5.71824,-5.06094,-0.99404,0.37593,0.62225,-0.54248,0.42094,
1403636952051666432,5.79768,-5.16343,-0.98710,0.38596,0.62251,-0.53586,0.41997,
1403636952151666432,5.84570,-5.21736,-0.99256,0.38581,0.61973,-0.53605,0.42395,
1403636952251666432,5.89621,-5.26954,-1.00340,0.38471,0.61490,-0.53679,0.43098,
1403636952351666432,5.94252,-5.31565,-1.01910,0.38048,0.60897,-0.53937,0.43985,
1403636952551666432,6.03441,-5.40228,-1.06202,0.38335,0.60813,-0.53666,0.44184,
1403636952851666432,6.16675,-5.50344,-1.11447,0.38118,0.61484,-0.53759,0.43322,
1403636952951666688,6.21397,-5.53414,-1.12973,0.37339,0.61677,-0.54346,0.42991,
1403636953051666432,6.26324,-5.56658,-1.15075,0.36430,0.61520,-0.55064,0.43082,
1403636953251666432,6.34483,-5.63102,-1.20437,0.35797,0.61376,-0.55541,0.43207,
1403636953551666432,6.44563,-5.74708,-1.26081,0.37189,0.61744,-0.54387,0.42974,
1403636953751666432,6.51053,-5.82922,-1.26742,0.37597,0.62738,-0.53860,0.41827,
1403636953951666688,6.59220,-5.91997,-1.24340,0.37759,0.63012,-0.53496,0.41737,
1403636954151666432,6.68938,-6.01529,-1.21680,0.37399,0.62713,-0.53689,0.42260,
1403636954451666688,6.85425,-6.17259,-1.18813,0.36943,0.62801,-0.54201,0.41874,
1403636954651666432,6.97745,-6.29077,-1.15811,0.37350,0.62646,-0.54372,0.41524,
1403636954751666432,7.04474,-6.35666,-1.16498,0.37805,0.62155,-0.54384,0.41833,
1403636954851666432,7.11225,-6.42073,-1.18179,0.38318,0.61593,-0.54380,0.42200,
1403636955051666432,7.24770,-6.54240,-1.23052,0.38958,0.60770,-0.54658,0.42447,
1403636955351666432,7.45235,-6.70829,-1.27609,0.39816,0.60199,-0.55261,0.41676,
1403636955651666432,7.68179,-6.86829,-1.30511,0.40259,0.59725,-0.55797,0.41216,
1403636955851666432,7.84056,-6.96379,-1.32724,0.40258,0.59539,-0.56063,0.41127,
1403636955951666688,7.92304,-7.00942,-1.32715,0.39705,0.59132,-0.56565,0.41561,
1403636956051666432,8.00230,-7.05293,-1.31935,0.38918,0.58384,-0.57250,0.42417,
1403636956151666432,8.07493,-7.09328,-1.30437,0.38298,0.57884,-0.57780,0.42944,
1403636956451666688,8.26961,-7.21361,-1.29294,0.39781,0.58523,-0.57116,0.41597,
1403636956551666432,8.32641,-7.24886,-1.30081,0.40250,0.58775,-0.56397,0.41770,
1403636956651666432,8.38446,-7.28063,-1.31350,0.39665,0.58842,-0.55742,0.43094,
1403636956751666432,8.44220,-7.30739,-1.33045,0.38015,0.59295,-0.55180,0.44656,
1403636956851666432,8.49649,-7.33041,-1.34338,0.36113,0.60446,-0.54181,0.45896,
1403636956951666688,8.54505,-7.35171,-1.34831,0.34821,0.62238,-0.52344,0.46627,
1403636957051666432,8.59213,-7.37285,-1.34650,0.33982,0.64234,-0.49909,0.47205,
1403636957151666432,8.63577,-7.39235,-1.33742,0.33071,0.66208,-0.47415,0.47694,
1403636957251666432,8.67643,-7.40907,-1.32362,0.32060,0.67679,-0.45398,0.48278,
1403636957351666432,8.71429,-7.42411,-1.31021,0.31124,0.68705,-0.44032,0.48705,
1403636957451666688,8.75253,-7.43873,-1.30388,0.30317,0.69304,-0.43163,0.49140,
1403636957551666432,8.79062,-7.45180,-1.30548,0.29655,0.69612,-0.42686,0.49524,
1403636957651666432,8.82833,-7.46353,-1.31500,0.28940,0.69972,-0.42028,0.50001,
1403636957751666432,8.86432,-7.47350,-1.33162,0.27881,0.70545,-0.41095,0.50569,
1403636957851666432,8.89945,-7.48203,-1.35329,0.26223,0.71513,-0.39575,0.51304,
1403636957951666688,8.93312,-7.49012,-1.37553,0.24424,0.72738,-0.37366,0.52120,
1403636958051666432,8.96385,-7.49809,-1.39353,0.22414,0.73979,-0.34927,0.52960,
1403636958151666432,8.99210,-7.50875,-1.40383,0.20886,0.75156,-0.32467,0.53491,
1403636958251666432,9.01703,-7.51924,-1.40525,0.19453,0.76006,-0.30526,0.53970,
1403636958351666432,9.03814,-7.53569,-1.38665,0.18385,0.76770,-0.28603,0.54317,
1403636958451666688,9.06323,-7.54579,-1.37863,0.17784,0.77374,-0.27105,0.54427,
1403636958551666432,9.08039,-7.56360,-1.36766,0.17437,0.77812,-0.26170,0.54373,
1403636959151666432,9.20481,-7.66332,-1.36603,0.17921,0.77971,-0.26161,0.53991,
1403636959451666688,9.28009,-7.71611,-1.44706,0.19476,0.77877,-0.25882,0.53722,
1403636959851666432,9.40736,-7.74905,-1.53475,0.18886,0.77252,-0.26940,0.54310,
1403636960351666432,9.55706,-7.77089,-1.52606,0.20288,0.77650,-0.26170,0.53610,
1403636960551666432,9.62388,-7.76639,-1.54202,0.20607,0.77381,-0.24976,0.54440,
1403636960651666432,9.65899,-7.76029,-1.54780,0.20404,0.77360,-0.24312,0.54845,
1403636960751666432,9.69657,-7.74136,-1.56760,0.19111,0.77394,-0.24539,0.55161,
1403636960851666432,9.73109,-7.72309,-1.58498,0.17659,0.77710,-0.24328,0.55294,
1403636960951666688,9.76754,-7.70194,-1.60425,0.16237,0.78260,-0.23117,0.55474,
1403636961051666432,9.80229,-7.67876,-1.61776,0.14844,0.78788,-0.21066,0.55932,
1403636961151666432,9.83574,-7.65442,-1.62543,0.13113,0.79285,-0.18934,0.56422,
1403636961251666432,9.86646,-7.63015,-1.62692,0.11341,0.79839,-0.16692,0.56732,
1403636961351666432,9.89929,-7.60659,-1.62248,0.10159,0.80227,-0.14509,0.57008,
1403636961451666688,9.92924,-7.58238,-1.60912,0.09118,0.80471,-0.12942,0.57217,
1403636961551666432,9.95822,-7.55776,-1.58900,0.08154,0.80669,-0.11753,0.57340,
1403636961651666432,9.98565,-7.53253,-1.56182,0.07006,0.80832,-0.10435,0.57516,
1403636961751666432,10.01229,-7.50698,-1.52792,0.05975,0.80945,-0.08892,0.57733,
1403636961851666432,10.03677,-7.48091,-1.49593,0.04980,0.81176,-0.07192,0.57741,
1403636961951666688,10.06007,-7.45440,-1.46985,0.03791,0.81219,-0.05397,0.57966,
1403636962051666432,10.08282,-7.42753,-1.45060,0.02487,0.81431,-0.03553,0.57881,
1403636962151666432,10.10519,-7.39911,-1.43404,0.01164,0.81540,-0.01593,0.57856,
1403636962251666432,10.12657,-7.37068,-1.41280,-0.00174,0.81440,0.00452,0.58028,
1403636962351666432,10.14530,-7.34155,-1.38627,-0.01594,0.81403,0.02556,0.58005,
1403636962451666688,10.16279,-7.31085,-1.35318,-0.02948,0.81275,0.04777,0.57990,
1403636962551666432,10.17815,-7.27874,-1.31441,-0.03889,0.81095,0.07325,0.57921,
1403636962651666432,10.19126,-7.24503,-1.27607,-0.04676,0.80861,0.09886,0.57809,
1403636962751666432,10.20123,-7.20893,-1.24321,-0.05120,0.80542,0.12050,0.57807,
1403636962851666432,10.20791,-7.16935,-1.21753,-0.05628,0.80334,0.13295,0.57776,
1403636962951666688,10.21162,-7.12456,-1.19826,-0.06616,0.80199,0.13497,0.57811,
1403636963051666432,10.21208,-7.07593,-1.18238,-0.07562,0.79619,0.13249,0.58549,
1403636963151666432,10.20787,-7.02596,-1.17130,-0.08035,0.79296,0.12942,0.58992,
1403636963351666432,10.18818,-6.92161,-1.16435,-0.08607,0.80022,0.11827,0.58159,
1403636964051666432,10.04303,-6.57567,-1.07430,-0.06706,0.80417,0.10334,0.58150,
1403636964251666432,9.98271,-6.47253,-1.00741,-0.06602,0.80241,0.10482,0.58378,
1403636964451666688,9.91257,-6.36895,-0.96548,-0.06395,0.80186,0.10921,0.58395,
1403636964651666432,9.82886,-6.25699,-0.94451,-0.06184,0.79896,0.12596,0.58478,
1403636964751666432,9.78290,-6.19639,-0.94301,-0.06484,0.79683,0.14116,0.58390,
1403636964851666432,9.73328,-6.13211,-0.94512,-0.07510,0.79319,0.15722,0.58352,
1403636964951666688,9.67824,-6.06269,-0.94230,-0.09214,0.78700,0.17406,0.58467,
1403636965051666432,9.61772,-5.98843,-0.93270,-0.11144,0.78201,0.19148,0.58256,
1403636965151666432,9.55304,-5.91323,-0.91647,-0.12429,0.78063,0.20785,0.57617,
1403636965251666432,9.48599,-5.83898,-0.89302,-0.13170,0.78447,0.22133,0.56416,
1403636965351666432,9.41692,-5.76090,-0.86664,-0.13335,0.79486,0.23162,0.54477,
1403636965451666688,9.35116,-5.68062,-0.83371,-0.13396,0.80550,0.23720,0.52627,
1403636965551666432,9.29342,-5.59532,-0.78958,-0.14167,0.80829,0.23399,0.52138,
1403636965651666432,9.24469,-5.50377,-0.73162,-0.15610,0.79900,0.22381,0.53585,
1403636965751666432,9.19964,-5.41050,-0.67294,-0.16884,0.79079,0.21299,0.54844,
1403636965851666432,9.15536,-5.32009,-0.62225,-0.16557,0.78466,0.21263,0.55829,
1403636966051666432,9.06309,-5.14940,-0.54638,-0.14850,0.77985,0.21939,0.56714,
1403636966251666432,8.96341,-4.98765,-0.49999,-0.14460,0.77820,0.21793,0.57097,
1403636966451666688,8.85503,-4.83412,-0.48380,-0.16165,0.78050,0.20243,0.56896,
1403636966551666432,8.79968,-4.76968,-0.48868,-0.17325,0.78202,0.19240,0.56693,
1403636966851666432,8.63254,-4.60236,-0.51232,-0.15348,0.78069,0.19873,0.57226,
1403636967051666432,8.51021,-4.50969,-0.50640,-0.15453,0.78121,0.19491,0.57257,
1403636967351666432,8.31783,-4.39295,-0.52348,-0.14342,0.78008,0.19968,0.57535,
1403636967651666432,8.09719,-4.28810,-0.51930,-0.13941,0.77923,0.19912,0.57767,
1403636967851666432,7.93644,-4.22299,-0.54073,-0.13835,0.77912,0.19855,0.57829,
1403636968051666432,7.76113,-4.16329,-0.60717,-0.13862,0.77820,0.19882,0.57936,
1403636968251666432,7.57434,-4.10901,-0.68127,-0.14241,0.77889,0.19679,0.57821,
1403636968451666688,7.37291,-4.06298,-0.72580,-0.14297,0.78096,0.19635,0.57542,
1403636968651666432,7.16408,-4.02059,-0.73833,-0.13729,0.78068,0.19949,0.57611,
1403636968851666432,6.94683,-3.97816,-0.74379,-0.13049,0.77986,0.20364,0.57734,
1403636969051666432,6.71871,-3.93086,-0.73694,-0.13752,0.78124,0.19808,0.57578,
1403636969151666432,6.60263,-3.90659,-0.72478,-0.14062,0.78467,0.19583,0.57111,
1403636969251666432,6.48440,-3.88432,-0.70813,-0.14047,0.79103,0.19560,0.56239,
1403636969351666432,6.36824,-3.86387,-0.68395,-0.13796,0.79661,0.19670,0.55470,
1403636969551666432,6.14332,-3.81958,-0.62933,-0.13278,0.80184,0.19812,0.54788,
1403636969751666432,5.93335,-3.76709,-0.59645,-0.13199,0.80243,0.19631,0.54785,
1403636969951666688,5.73411,-3.70890,-0.58465,-0.13143,0.80223,0.19617,0.54833,
1403636970051666432,5.64093,-3.67851,-0.58666,-0.13482,0.79714,0.19438,0.55553,
1403636970151666432,5.55014,-3.64751,-0.59253,-0.13564,0.79126,0.19464,0.56358,
1403636970351666432,5.37213,-3.58336,-0.60762,-0.13768,0.78944,0.19452,0.56567,
1403636970451666688,5.28260,-3.55159,-0.61630,-0.13556,0.79547,0.19650,0.55699,
1403636970551666432,5.19241,-3.51821,-0.62148,-0.13473,0.80059,0.19743,0.54948,
1403636970651666432,5.10531,-3.48386,-0.62158,-0.13339,0.80432,0.19955,0.54356,
1403636970751666432,5.02363,-3.44664,-0.61319,-0.13286,0.80830,0.20109,0.53717,
1403636970851666432,4.94927,-3.40593,-0.60069,-0.13062,0.81251,0.20374,0.53034,
1403636970951666688,4.88312,-3.36147,-0.59258,-0.13136,0.81662,0.20385,0.52375,
1403636971051666432,4.82614,-3.31379,-0.58921,-0.13884,0.81646,0.19917,0.52387,
1403636971151666432,4.77632,-3.26363,-0.59029,-0.15004,0.81225,0.19165,0.53011,
1403636971251666432,4.73320,-3.21436,-0.59752,-0.16353,0.80779,0.18214,0.53625,
1403636971351666432,4.69786,-3.17086,-0.60975,-0.17505,0.80449,0.17426,0.54016,
1403636971551666432,4.64703,-3.10433,-0.64904,-0.17270,0.80128,0.17741,0.54466,
1403636971651666432,4.63060,-3.08149,-0.67476,-0.16375,0.79571,0.18456,0.55314,
1403636971851666432,4.60013,-3.04556,-0.73727,-0.15754,0.78613,0.19142,0.56616,
1403636972051666432,4.56466,-3.02092,-0.78820,-0.15755,0.78501,0.19313,0.56713,
1403636972251666432,4.52254,-3.01169,-0.81303,-0.15903,0.79162,0.19186,0.55788,
1403636972451666688,4.49198,-3.01364,-0.80409,-0.15420,0.79661,0.19432,0.55125,
1403636972651666432,4.47471,-3.02197,-0.76389,-0.14830,0.79187,0.19713,0.55865,
1403636973051666432,4.43526,-3.04437,-0.72992,-0.13703,0.79773,0.18648,0.55684,
1403636973151666432,4.42516,-3.05259,-0.73486,-0.13040,0.80117,0.17721,0.55653,
1403636973251666432,4.41575,-3.06031,-0.74598,-0.12507,0.80260,0.17014,0.55789,
1403636973451666688,4.40011,-3.07205,-0.78313,-0.11804,0.80441,0.16050,0.55967,
1403636973751666432,4.38327,-3.08035,-0.85823,-0.11186,0.79928,0.15651,0.56933,
1403636974151666432,4.35250,-3.08501,-0.89138,-0.10938,0.80609,0.14091,0.56427,
1403636974251666432,4.34990,-3.08962,-0.89750,-0.09560,0.80985,0.12545,0.56503,
1403636974351666432,4.34751,-3.09479,-0.91017,-0.07770,0.81253,0.10597,0.56791,
1403636974451666688,4.34542,-3.09913,-0.92803,-0.05965,0.81375,0.08242,0.57224,
1403636974551666432,4.34264,-3.10276,-0.95031,-0.04144,0.81410,0.05698,0.57644,
1403636974651666432,4.33874,-3.10614,-0.97517,-0.02248,0.81463,0.03079,0.57872,
1403636974751666432,4.33186,-3.10779,-0.99922,-0.00739,0.81749,0.00477,0.57587,
1403636974851666432,4.32196,-3.11139,-1.00987,0.00273,0.82101,-0.02139,0.57051,
1403636974951666688,4.31341,-3.11331,-1.01506,0.01021,0.82428,-0.04724,0.56411,
1403636975051666432,4.30775,-3.11796,-1.01152,0.01987,0.82520,-0.06849,0.56032,
1403636975151666432,4.30758,-3.12548,-1.00400,0.03421,0.82127,-0.08167,0.56362,
1403636975251666432,4.30988,-3.13673,-0.99829,0.04800,0.81542,-0.08796,0.57012,
1403636975351666432,4.31230,-3.13808,-1.00408,0.05595,0.81017,-0.09147,0.57631,
1403636975551666432,4.32104,-3.15820,-1.02159,0.06217,0.81278,-0.09248,0.57181,
1403636975751666432,4.33379,-3.16701,-1.02664,0.06078,0.81947,-0.08817,0.56303,
1403636975951666688,4.35662,-3.17462,-1.00839,0.06552,0.82079,-0.09675,0.55916,
1403636976051666432,4.37252,-3.17915,-1.00281,0.06985,0.81563,-0.11333,0.56305,
1403636976151666432,4.38876,-3.18578,-1.00117,0.07120,0.80657,-0.13723,0.57056,
1403636976251666432,4.40539,-3.19920,-1.00318,0.07466,0.79811,-0.16395,0.57495,
1403636976351666432,4.41466,-3.20812,-1.01577,0.08573,0.79119,-0.18922,0.57521,
1403636976551666432,4.42599,-3.25107,-1.04967,0.12561,0.78283,-0.22614,0.56591,
1403636976651666432,4.42653,-3.27540,-1.07338,0.14577,0.78140,-0.23362,0.55999,
1403636976751666432,4.42716,-3.30046,-1.10285,0.15759,0.77974,-0.24039,0.55622,
1403636976851666432,4.42847,-3.32390,-1.13876,0.16012,0.78132,-0.24820,0.54981,
1403636976951666688,4.42956,-3.34788,-1.17134,0.15795,0.78318,-0.25482,0.54474,
1403636977551666432,4.43960,-3.54682,-1.23867,0.15463,0.77930,-0.24343,0.55635,
1403636977851666432,4.45207,-3.67231,-1.30979,0.14853,0.77786,-0.25292,0.55580,
1403636978051666432,4.44491,-3.76036,-1.35545,0.15706,0.77495,-0.25452,0.55678,
1403636978251666432,4.43294,-3.85446,-1.36915,0.16474,0.77823,-0.25360,0.55037,
1403636978451666688,4.41813,-3.95149,-1.35943,0.16766,0.78491,-0.25400,0.53971,
1403636978551666432,4.41625,-4.00370,-1.35084,0.16665,0.79044,-0.25595,0.53097,
1403636978751666432,4.42141,-4.10328,-1.34565,0.16488,0.79745,-0.25948,0.51919,
1403636978951666688,4.45210,-4.21155,-1.35760,0.16822,0.79204,-0.25768,0.52722,
1403636979051666432,4.47863,-4.26794,-1.37120,0.17331,0.78286,-0.25441,0.54071,
1403636979151666432,4.50711,-4.32265,-1.39267,0.17613,0.77696,-0.25210,0.54933,
1403636979351666432,4.55893,-4.41891,-1.44626,0.17289,0.78486,-0.25404,0.53812,
1403636979451666688,4.59241,-4.46855,-1.46615,0.17091,0.79022,-0.25539,0.53021,
1403636979751666432,4.70376,-4.60978,-1.47655,0.17081,0.79520,-0.25847,0.52123,
1403636979851666432,4.75432,-4.65691,-1.46480,0.17510,0.79082,-0.25797,0.52669,
1403636979951666688,4.80838,-4.70516,-1.45317,0.17858,0.78558,-0.25820,0.53320,
1403636980151666432,4.91726,-4.79993,-1.44953,0.18298,0.78116,-0.25944,0.53759,
1403636980351666432,5.03355,-4.88964,-1.46571,0.18333,0.77596,-0.26209,0.54368,
1403636980551666432,5.15241,-4.97508,-1.50003,0.17900,0.76855,-0.26467,0.55429,
1403636980851666432,5.30796,-5.08479,-1.54524,0.17873,0.77291,-0.26059,0.55023,
1403636981251666432,5.51122,-5.21607,-1.55846,0.17049,0.77284,-0.26549,0.55061,
1403636981351666432,5.55459,-5.24004,-1.56894,0.16145,0.76704,-0.27349,0.55748,
1403636981551666432,5.64227,-5.30294,-1.60499,0.17320,0.77067,-0.27027,0.55047,
1403636981651666432,5.67989,-5.33305,-1.61721,0.18386,0.77605,-0.26573,0.54160,
1403636981851666432,5.76085,-5.39248,-1.61876,0.19128,0.78264,-0.26657,0.52899,
1403636982051666432,5.85243,-5.44795,-1.59853,0.18568,0.79165,-0.27535,0.51284,
1403636982251666432,5.96689,-5.51250,-1.59112,0.17586,0.79358,-0.28386,0.50865,
1403636982351666432,6.03393,-5.55170,-1.59336,0.17181,0.78885,-0.28664,0.51579,
1403636982451666688,6.10739,-5.59800,-1.59602,0.17213,0.78045,-0.28584,0.52874,
1403636982551666432,6.18260,-5.64956,-1.59318,0.17429,0.77297,-0.28260,0.54063,
1403636982751666432,6.33019,-5.76013,-1.57563,0.17256,0.77489,-0.27965,0.53997,
1403636982951666688,6.47440,-5.87989,-1.56612,0.17520,0.78025,-0.27517,0.53366,
1403636983051666432,6.54896,-5.94310,-1.56904,0.17813,0.77801,-0.27266,0.53724,
1403636983151666432,6.62511,-6.00759,-1.57810,0.18155,0.77502,-0.27026,0.54161,
1403636983351666432,6.77417,-6.12808,-1.60339,0.18867,0.77297,-0.26612,0.54416,
1403636983551666432,6.91771,-6.25302,-1.65036,0.19093,0.77333,-0.26686,0.54249,
1403636983751666432,7.06026,-6.35988,-1.66507,0.19148,0.77969,-0.27032,0.53135,
1403636983951666688,7.20875,-6.45809,-1.64676,0.19228,0.78355,-0.27366,0.52364,
1403636984151666432,7.36813,-6.55531,-1.61299,0.19308,0.78371,-0.27690,0.52139,
1403636984251666432,7.45362,-6.60594,-1.60227,0.19554,0.77954,-0.27728,0.52649,
1403636984351666432,7.54468,-6.65755,-1.60066,0.19809,0.77596,-0.27712,0.53090,
1403636984451666688,7.63862,-6.70909,-1.60764,0.20049,0.77378,-0.27674,0.53337,
1403636984651666432,7.82485,-6.80189,-1.63070,0.20217,0.77163,-0.27639,0.53602,
1403636984851666432,8.01179,-6.88519,-1.63531,0.19701,0.76984,-0.27834,0.53949,
1403636984951666688,8.10916,-6.92894,-1.63237,0.19334,0.76863,-0.28068,0.54135,
1403636985151666432,8.28522,-7.00044,-1.62038,0.19524,0.77042,-0.27987,0.53852,
1403636985351666432,8.46179,-7.06792,-1.64278,0.19912,0.77081,-0.27702,0.53802,
1403636985451666688,8.55732,-7.10217,-1.65641,0.19763,0.77406,-0.27021,0.53737,
1403636985551666432,8.65279,-7.13225,-1.66346,0.19413,0.77716,-0.26049,0.53895,
1403636985651666432,8.74711,-7.15917,-1.66274,0.19331,0.77935,-0.25116,0.54052,
1403636985751666432,8.84253,-7.18376,-1.65730,0.19338,0.77943,-0.24370,0.54379,
1403636985851666432,8.93911,-7.20218,-1.64334,0.19351,0.77498,-0.23744,0.55279,
1403636985951666688,9.03323,-7.21013,-1.64436,0.19582,0.76266,-0.23058,0.57169,
1403636986051666432,9.11756,-7.21731,-1.63556,0.19904,0.75725,-0.22557,0.57971,
1403636986151666432,9.20028,-7.21452,-1.64265,0.19550,0.76198,-0.22674,0.57424,
1403636986251666432,9.28125,-7.19833,-1.66018,0.19114,0.77207,-0.23006,0.56075,
1403636986351666432,9.35944,-7.18070,-1.67488,0.18826,0.77885,-0.23216,0.55142,
1403636986451666688,9.43097,-7.15548,-1.69282,0.18090,0.78100,-0.23715,0.54871,
1403636986551666432,9.51040,-7.12561,-1.71068,0.17333,0.78083,-0.24217,0.54920,
1403636986651666432,9.58274,-7.09952,-1.71177,0.16864,0.78049,-0.24503,0.54986,
1403636986751666432,9.65509,-7.07067,-1.71015,0.16320,0.77927,-0.24841,0.55172,
1403636986951666688,9.78388,-7.01678,-1.67488,0.16027,0.77710,-0.25097,0.55447,
1403636987151666432,9.90670,-6.96530,-1.60634,0.16885,0.77620,-0.24816,0.55445,
1403636987351666432,10.00831,-6.92297,-1.57067,0.17193,0.77338,-0.24915,0.55699,
1403636987451666688,10.06299,-6.89546,-1.56085,0.17219,0.77243,-0.24568,0.55977,
1403636987551666432,10.11485,-6.86714,-1.55474,0.17498,0.76971,-0.23956,0.56528,
1403636987651666432,10.16239,-6.83671,-1.55306,0.17560,0.76794,-0.23538,0.56923,
1403636987851666432,10.23910,-6.76516,-1.54438,0.17149,0.76842,-0.23152,0.57141,
1403636987951666688,10.27293,-6.72438,-1.53171,0.16380,0.76977,-0.23445,0.57066,
1403636988051666432,10.30149,-6.68275,-1.51734,0.15410,0.77248,-0.24025,0.56728,
1403636988251666432,10.34106,-6.60403,-1.49962,0.14217,0.77343,-0.24903,0.56532,
1403636988351666432,10.35571,-6.57070,-1.49460,0.14163,0.76731,-0.25039,0.57313,
1403636988451666688,10.36426,-6.53948,-1.48561,0.14387,0.76182,-0.24910,0.58042,
1403636988651666432,10.35028,-6.47747,-1.44365,0.14616,0.75705,-0.24740,0.58677,
1403636988951666688,10.26200,-6.38996,-1.40041,0.14620,0.75060,-0.24727,0.59505,
1403636989251666432,10.08195,-6.30916,-1.39324,0.14805,0.74986,-0.24864,0.59496,
1403636989351666432,10.00405,-6.27948,-1.39772,0.15593,0.75869,-0.24549,0.58294,
1403636989451666688,9.92094,-6.26210,-1.37737,0.15955,0.76867,-0.24489,0.56897,
1403636989551666432,9.83324,-6.23985,-1.35810,0.16136,0.77414,-0.24507,0.56090,
1403636989751666432,9.65301,-6.19614,-1.31748,0.16930,0.77959,-0.24014,0.55310,
1403636989951666688,9.47628,-6.14825,-1.29883,0.16901,0.77589,-0.24020,0.55833,
1403636990151666432,9.29622,-6.09635,-1.28437,0.17045,0.76906,-0.23827,0.56808,
1403636990351666432,9.10611,-6.03424,-1.24808,0.17128,0.77410,-0.23570,0.56203,
1403636990551666432,8.91231,-5.96194,-1.20608,0.16725,0.77968,-0.23462,0.55595,
1403636990751666432,8.72324,-5.88722,-1.18756,0.16518,0.78401,-0.23240,0.55140,
1403636990951666688,8.54146,-5.80872,-1.19485,0.16507,0.78516,-0.23050,0.55058,
1403636991151666432,8.36665,-5.73108,-1.21881,0.16589,0.78409,-0.23028,0.55196,
1403636991351666432,8.20001,-5.64888,-1.23345,0.16634,0.78468,-0.23207,0.55023,
1403636991551666432,8.03843,-5.56287,-1.21277,0.16695,0.78473,-0.23470,0.54885,
1403636991751666432,7.88480,-5.47612,-1.16155,0.15769,0.78220,-0.24690,0.54985,
1403636991951666688,7.72838,-5.39799,-1.10453,0.15367,0.77992,-0.25589,0.55011,
1403636992151666432,7.57219,-5.33405,-1.07365,0.16841,0.77701,-0.25079,0.55227,
1403636992351666432,7.42279,-5.27492,-1.06615,0.17649,0.77488,-0.24929,0.55341,
1403636992451666688,7.35081,-5.24477,-1.07114,0.17729,0.77812,-0.25123,0.54770,
1403636992651666432,7.20839,-5.18248,-1.05223,0.17999,0.78088,-0.25428,0.54144,
1403636992951666688,7.01103,-5.08901,-1.01964,0.18725,0.78121,-0.25523,0.53806,
1403636993151666432,6.90274,-5.01353,-1.00849,0.18184,0.77421,-0.25755,0.54881,
1403636993251666432,6.84954,-4.97523,-1.00456,0.17409,0.77430,-0.25175,0.55387,
1403636993351666432,6.79928,-4.93797,-0.99202,0.16461,0.77653,-0.24088,0.55846,
1403636993451666688,6.75085,-4.90040,-0.97173,0.15346,0.77994,-0.22651,0.56288,
1403636993551666432,6.70963,-4.86711,-0.94302,0.14237,0.78435,-0.20935,0.56630,
1403636993651666432,6.64874,-4.82181,-0.91176,0.13066,0.78986,-0.19433,0.56682,
1403636993751666432,6.59655,-4.78297,-0.88327,0.12263,0.79411,-0.18274,0.56652,
1403636993851666432,6.54374,-4.74457,-0.86087,0.11860,0.79676,-0.17380,0.56649,
1403636994051666432,6.43477,-4.66592,-0.83471,0.11599,0.79420,-0.16205,0.57405,
1403636994251666432,6.32114,-4.58117,-0.82850,0.11884,0.78389,-0.15598,0.58913,
1403636994551666432,6.12357,-4.43384,-0.84420,0.11736,0.78090,-0.15793,0.59286,
1403636994651666432,6.05179,-4.37846,-0.84129,0.11425,0.78563,-0.16136,0.58625,
1403636994751666432,5.97502,-4.32195,-0.83258,0.10468,0.79115,-0.16916,0.57836,
1403636994851666432,5.89340,-4.26037,-0.82065,0.09547,0.79427,-0.17686,0.57337,
1403636995151666432,5.64434,-4.11309,-0.79757,0.10366,0.78891,-0.17196,0.58077,
1403636995351666432,5.47090,-4.01461,-0.76468,0.11080,0.78729,-0.16425,0.58388,
1403636995551666432,5.27339,-3.92856,-0.72888,0.10929,0.79438,-0.16248,0.57500,
1403636995851666432,4.98870,-3.77298,-0.64008,0.09838,0.79603,-0.17060,0.57232,
1403636996051666432,4.79572,-3.68057,-0.61407,0.09444,0.79866,-0.17474,0.56806,
1403636996251666432,4.60356,-3.60655,-0.59340,0.10464,0.80114,-0.16855,0.56464,
1403636996451666688,4.41777,-3.53516,-0.55086,0.10157,0.80377,-0.15831,0.56442,
1403636996551666432,4.33027,-3.50037,-0.51713,0.09696,0.80560,-0.14649,0.56581,
1403636996651666432,4.24586,-3.46702,-0.48138,0.08721,0.80863,-0.13263,0.56650,
1403636996751666432,4.15834,-3.43116,-0.45670,0.07579,0.81240,-0.11579,0.56644,
1403636996851666432,4.07325,-3.39556,-0.44640,0.06202,0.81564,-0.09747,0.56691,
1403636997051666432,3.91020,-3.32579,-0.44846,0.03200,0.82026,-0.05919,0.56801,
1403636997151666432,3.83081,-3.29336,-0.45395,0.02016,0.82241,-0.04357,0.56687,
1403636997251666432,3.75644,-3.25942,-0.46903,0.01228,0.82346,-0.03223,0.56633,
1403636997351666432,3.68478,-3.23230,-0.48020,0.00772,0.82427,-0.02482,0.56560,
1403636997551666432,3.55174,-3.17795,-0.48304,0.00578,0.82454,-0.01845,0.56548,
1403636997951666688,3.36949,-3.08296,-0.39113,0.01267,0.82669,-0.02292,0.56204,
1403636998251666432,3.30375,-3.02436,-0.27323,0.01352,0.82594,-0.03025,0.56278,
1403636998651666432,3.24922,-2.94935,-0.15865,0.01900,0.81823,-0.03268,0.57365,
1403636998751666432,3.24176,-2.93189,-0.11638,0.02040,0.81112,-0.03234,0.58363,
1403636998951666688,3.21422,-2.89753,-0.03906,0.03067,0.80764,-0.02733,0.58824,
1403636999451666688,3.10106,-2.76397,0.04944,0.02864,0.81209,-0.03147,0.58198,
1403636999751666432,3.01926,-2.65939,0.04408,0.02551,0.80743,-0.03499,0.58837,
1403637000051666432,2.92438,-2.55804,0.03635,0.03331,0.80766,-0.03082,0.58790,
1403637000251666432,2.84000,-2.47876,0.05370,0.03203,0.81086,-0.03135,0.58352,
1403637000551666432,2.71401,-2.35198,0.07253,0.03225,0.81099,-0.03137,0.58333,
1403637000851666432,2.57776,-2.21270,0.10891,0.02908,0.80928,-0.03438,0.58569,
1403637001151666432,2.43091,-2.06703,0.14141,0.02923,0.80904,-0.03639,0.58589,
1403637001351666432,2.32016,-1.96802,0.16053,0.02626,0.80901,-0.03951,0.58587,
1403637001551666432,2.19873,-1.86657,0.20601,0.02524,0.81369,-0.04232,0.57921,
1403637001851666432,2.01765,-1.72446,0.24826,0.02616,0.81449,-0.04462,0.57787,
1403637002051666432,1.90179,-1.63754,0.25310,0.02775,0.81609,-0.04432,0.57555,
1403637002251666432,1.78620,-1.55410,0.23510,0.02720,0.81680,-0.04503,0.57451,
1403637002451666688,1.67577,-1.47151,0.21748,0.03106,0.81664,-0.04202,0.57477,
1403637002751666432,1.50970,-1.34063,0.24860,0.03575,0.81667,-0.04000,0.57460,
1403637003051666432,1.34837,-1.20318,0.26046,0.03235,0.81592,-0.04646,0.57539,
1403637003351666432,1.20443,-1.06510,0.23111,0.03261,0.81412,-0.05099,0.57753,
1403637003651666432,1.05179,-0.93134,0.24360,0.03202,0.81218,-0.05457,0.57997,
1403637003951666688,0.89804,-0.80027,0.26675,0.03203,0.81626,-0.05189,0.57445,
1403637004151666432,0.79787,-0.71741,0.24988,0.03403,0.81993,-0.04663,0.56954,
1403637004351666432,0.70752,-0.63405,0.23575,0.03038,0.82089,-0.04637,0.56839,
1403637004551666432,0.61784,-0.55669,0.26374,0.02987,0.81349,-0.04958,0.57870,
1403637004751666432,0.54481,-0.47713,0.31778,0.01750,0.81171,-0.06496,0.58017,
1403637004951666688,0.46518,-0.40889,0.32599,0.01348,0.81662,-0.07370,0.57229,
1403637005151666432,0.39863,-0.36015,0.28759,0.02996,0.81802,-0.06578,0.57063,
1403637005451666688,0.28820,-0.31137,0.22417,0.03684,0.81902,-0.05898,0.56954,
1403637005651666432,0.23355,-0.27378,0.19200,0.03348,0.81874,-0.05604,0.57044,
1403637005751666432,0.20232,-0.25694,0.18902,0.02653,0.82225,-0.05907,0.56542,
1403637005951666688,0.16673,-0.23020,0.21292,0.03095,0.81970,-0.05394,0.56940,
1403637006151666432,0.12921,-0.20505,0.22473,0.03001,0.81611,-0.05464,0.57452,
1403637006351666432,0.09355,-0.17527,0.22872,0.02529,0.82434,-0.05774,0.56258,
1403637006451666688,0.07779,-0.16225,0.22807,0.02177,0.82910,-0.06018,0.55543,
1403637006651666432,0.06148,-0.14674,0.22464,0.01373,0.82280,-0.05593,0.56541,
1403637006751666432,0.05915,-0.14433,0.22092,0.01085,0.81843,-0.04300,0.57289,
1403637006851666432,0.05539,-0.13995,0.21259,0.00145,0.81678,-0.02849,0.57625,
1403637007051666432,0.05131,-0.13479,0.19419,-0.01903,0.81793,0.01210,0.57487,
1403637007151666432,0.04908,-0.13724,0.18509,-0.02571,0.81643,0.02897,0.57615,
1403637007251666432,0.04609,-0.13754,0.17618,-0.02991,0.81305,0.04157,0.57994,
1403637007551666432,0.02490,-0.13561,0.14515,-0.03296,0.80952,0.05738,0.58335,
1403637007651666432,0.01008,-0.13196,0.13127,-0.03377,0.81716,0.05693,0.57259,
1403637007751666432,-0.00089,-0.12674,0.11707,-0.03269,0.82420,0.05628,0.56254,
1403637007951666688,-0.01754,-0.11070,0.09784,-0.03922,0.81605,0.04728,0.57471,
1403637008151666432,-0.03417,-0.09462,0.08119,-0.03478,0.81965,0.04374,0.57013,
1403637008251666432,-0.04722,-0.08517,0.07566,-0.03068,0.82778,0.04345,0.55853,
1403637008451666688,-0.05214,-0.06631,0.07583,-0.02653,0.82675,0.04126,0.56042,
1403637008551666432,-0.04797,-0.05500,0.08232,-0.02953,0.81960,0.03688,0.57099,
1403637008651666432,-0.04309,-0.04418,0.08601,-0.03194,0.81529,0.03293,0.57724,
1403637008751666432,-0.03885,-0.03446,0.08511,-0.04129,0.81609,0.02453,0.57592,
1403637008851666432,-0.03380,-0.02935,0.08008,-0.05337,0.82052,0.01516,0.56892,
1403637009051666432,-0.01896,-0.03296,0.05763,-0.04632,0.82242,0.01690,0.56674,
1403637009151666432,-0.00904,-0.04247,0.04223,-0.03452,0.82132,0.02389,0.56891,
1403637009351666432,0.01688,-0.06478,0.00713,-0.00445,0.81986,0.04349,0.57089,
1403637009451666688,0.02436,-0.07331,-0.00021,-0.02655,0.81497,0.04957,0.57677,
1403637009551666432,0.02829,-0.07733,-0.00603,-0.06032,0.79959,0.05156,0.59529,
1403637009651666432,0.02232,-0.08347,-0.00681,-0.07520,0.78323,0.04037,0.61584,
1403637009751666432,0.01844,-0.08631,-0.01274,-0.07091,0.79159,0.02687,0.60633,
